query,security_name
Is it beneficial to hold Union Overnight Fund long-term?,Union Overnight Fund
Is SBI Fixed Maturity Plan (FMP) - Series 78 (1170 Days) better than other similar funds?,SBI Fixed Maturity Plan (FMP) - Series 78 (1170 Days)
What's the growth option NAV of UTI Money Market Fund?,UTI Money Market Fund
Can you provide details about the dividend option in ICICI Prudential Transportation and Logistics Fund?,ICICI Prudential Transportation and Logistics Fund
What is the NAV of Motilal Oswal Nifty Microcap 250 Index Fund?,Motilal Oswal Nifty Microcap 250 Index Fund
What's the performance of ICICI Prudential Transportation and Logistics Fund?,ICICI Prudential Transportation and Logistics Fund
Should I consider investing in SBI Fixed Maturity Plan (FMP) - Series 78 (1170 Days)?,SBI Fixed Maturity Plan (FMP) - Series 78 (1170 Days)
What was the return of Canara Robeco ELSS Tax Saver in the past 6 months?,Canara Robeco ELSS Tax Saver
Is Kotak Focused Equity Fund better than other similar funds?,Kotak Focused Equity Fund
How is Kotak Bluechip Fund rated by AMFI?,Kotak Bluechip Fund
What was the last month's return of Canara Robeco ELSS Tax Saver?,Canara Robeco ELSS Tax Saver
Can you provide details about the dividend option in Tata BSE Select Business Groups Index Fund?,Tata BSE Select Business Groups Index Fund
What was the last month's return of ICICI Prudential Transportation and Logistics Fund?,ICICI Prudential Transportation and Logistics Fund
Does Groww Nifty EV & New Age Automotive ETF FOF have any lock-in period?,Groww Nifty EV & New Age Automotive ETF FOF
What are the recent returns for Union Overnight Fund?,Union Overnight Fund
Can you provide the recent NAV for ICICI Prudential Gilt Fund?,ICICI Prudential Gilt Fund
How has Union Overnight Fund performed over the last year?,Union Overnight Fund
Can I start an SIP with Tata BSE Select Business Groups Index Fund?,Tata BSE Select Business Groups Index Fund
Can you provide details about the dividend option in DSP Fixed Maturity Plan - Series 264 - 60 Months and 17 Days?,DSP Fixed Maturity Plan - Series 264 - 60 Months and 17 Days
How is Bandhan Credit Risk Fund rated by AMFI?,Bandhan Credit Risk Fund
How is Groww Nifty EV & New Age Automotive ETF FOF rated by AMFI?,Groww Nifty EV & New Age Automotive ETF FOF
Can I start an SIP with Motilal Oswal Nifty Microcap 250 Index Fund?,Motilal Oswal Nifty Microcap 250 Index Fund
Is DSP Fixed Maturity Plan - Series 264 - 60 Months and 17 Days a good investment for SIP?,DSP Fixed Maturity Plan - Series 264 - 60 Months and 17 Days
What are the recent returns for Kotak Focused Equity Fund?,Kotak Focused Equity Fund
What's the asset allocation of SBI Fixed Maturity Plan (FMP) - Series 78 (1170 Days)?,SBI Fixed Maturity Plan (FMP) - Series 78 (1170 Days)
What's the dividend frequency for Bandhan Credit Risk Fund?,Bandhan Credit Risk Fund
Can I start an SIP with Tata BSE Select Business Groups Index Fund?,Tata BSE Select Business Groups Index Fund
What's the dividend frequency for Groww Nifty EV & New Age Automotive ETF FOF?,Groww Nifty EV & New Age Automotive ETF FOF
What's the dividend frequency for Kotak Bluechip Fund?,Kotak Bluechip Fund
What is the minimum investment required for Aditya Birla Sun Life Pharma & Healthcare Fund?,Aditya Birla Sun Life Pharma & Healthcare Fund
What's the Sharpe Ratio of Kotak Focused Equity Fund?,Kotak Focused Equity Fund
Can I start an SIP with Groww Nifty EV & New Age Automotive ETF FOF?,Groww Nifty EV & New Age Automotive ETF FOF
Has Tata BSE Select Business Groups Index Fund been outperforming the market?,Tata BSE Select Business Groups Index Fund
Tell me about the volatility of Motilal Oswal Asset Allocation Passive Fund of Fund - Conservative.,Motilal Oswal Asset Allocation Passive Fund of Fund - Conservative
Is Union Overnight Fund better than other similar funds?,Union Overnight Fund
Is Motilal Oswal Asset Allocation Passive Fund of Fund - Conservative a good investment for SIP?,Motilal Oswal Asset Allocation Passive Fund of Fund - Conservative
Can you provide details about the dividend option in Groww Nifty EV & New Age Automotive ETF FOF?,Groww Nifty EV & New Age Automotive ETF FOF
Tell me the expense ratio of Tata BSE Select Business Groups Index Fund.,Tata BSE Select Business Groups Index Fund
What's the growth option NAV of HSBC Medium Duration Fund?,HSBC Medium Duration Fund
What's the dividend frequency for Canara Robeco ELSS Tax Saver?,Canara Robeco ELSS Tax Saver
Is Motilal Oswal Nifty Microcap 250 Index Fund a good investment for SIP?,Motilal Oswal Nifty Microcap 250 Index Fund
What's the performance of DSP Fixed Maturity Plan - Series 264 - 60 Months and 17 Days?,DSP Fixed Maturity Plan - Series 264 - 60 Months and 17 Days
Can you provide details about the dividend option in Union Overnight Fund?,Union Overnight Fund
What is the NAV of ICICI Prudential Gilt Fund?,ICICI Prudential Gilt Fund
What's the Sharpe Ratio of Tata BSE Select Business Groups Index Fund?,Tata BSE Select Business Groups Index Fund
Explain the investment objective of HSBC Medium Duration Fund.,HSBC Medium Duration Fund
Is Aditya Birla Sun Life Pharma & Healthcare Fund better than other similar funds?,Aditya Birla Sun Life Pharma & Healthcare Fund
Does DSP Fixed Maturity Plan - Series 264 - 60 Months and 17 Days offer a switch option?,DSP Fixed Maturity Plan - Series 264 - 60 Months and 17 Days
Has HSBC Medium Duration Fund been outperforming the market?,HSBC Medium Duration Fund
Tell me the expense ratio of Kotak Bluechip Fund.,Kotak Bluechip Fund
Tell me about the volatility of DSP Fixed Maturity Plan - Series 264 - 60 Months and 17 Days.,DSP Fixed Maturity Plan - Series 264 - 60 Months and 17 Days
How has Union Overnight Fund performed over the last year?,Union Overnight Fund
Does Union Overnight Fund offer a switch option?,Union Overnight Fund
Is Union Overnight Fund better than other similar funds?,Union Overnight Fund
What's the growth option NAV of UTI Money Market Fund?,UTI Money Market Fund
Is it beneficial to hold Groww Nifty EV & New Age Automotive ETF FOF long-term?,Groww Nifty EV & New Age Automotive ETF FOF
Is it beneficial to hold Canara Robeco ELSS Tax Saver long-term?,Canara Robeco ELSS Tax Saver
Is Kotak Bluechip Fund better than other similar funds?,Kotak Bluechip Fund
Is Bandhan Credit Risk Fund better than other similar funds?,Bandhan Credit Risk Fund
How has DSP Fixed Maturity Plan - Series 264 - 60 Months and 17 Days performed over the last year?,DSP Fixed Maturity Plan - Series 264 - 60 Months and 17 Days
Can you provide details about the dividend option in UTI Money Market Fund?,UTI Money Market Fund
Give me the benchmark for Kotak Bluechip Fund.,Kotak Bluechip Fund
What's the growth option NAV of HSBC Medium Duration Fund?,HSBC Medium Duration Fund
What was the last month's return of Canara Robeco ELSS Tax Saver?,Canara Robeco ELSS Tax Saver
Has Aditya Birla Sun Life Pharma & Healthcare Fund been outperforming the market?,Aditya Birla Sun Life Pharma & Healthcare Fund
Can you provide details about the dividend option in Groww Nifty EV & New Age Automotive ETF FOF?,Groww Nifty EV & New Age Automotive ETF FOF
How has ICICI Prudential Gilt Fund performed over the last year?,ICICI Prudential Gilt Fund
Tell me the expense ratio of Aditya Birla Sun Life Pharma & Healthcare Fund.,Aditya Birla Sun Life Pharma & Healthcare Fund
Tell me the expense ratio of ICICI Prudential Gilt Fund.,ICICI Prudential Gilt Fund
How has UTI Money Market Fund performed over the last year?,UTI Money Market Fund
What's the Sharpe Ratio of Bandhan Credit Risk Fund?,Bandhan Credit Risk Fund
How is Union Overnight Fund rated by AMFI?,Union Overnight Fund
Does Motilal Oswal Nifty Microcap 250 Index Fund offer a switch option?,Motilal Oswal Nifty Microcap 250 Index Fund
What's the performance of Kotak Focused Equity Fund?,Kotak Focused Equity Fund
Does Kotak Bluechip Fund have any lock-in period?,Kotak Bluechip Fund
What's the performance of DSP Fixed Maturity Plan - Series 264 - 60 Months and 17 Days?,DSP Fixed Maturity Plan - Series 264 - 60 Months and 17 Days
What was the last month's return of SBI Fixed Maturity Plan (FMP) - Series 78 (1170 Days)?,SBI Fixed Maturity Plan (FMP) - Series 78 (1170 Days)
Give me the benchmark for Tata BSE Select Business Groups Index Fund.,Tata BSE Select Business Groups Index Fund
Should I consider investing in ICICI Prudential Transportation and Logistics Fund?,ICICI Prudential Transportation and Logistics Fund
Is Kotak Focused Equity Fund a good investment for SIP?,Kotak Focused Equity Fund
What was the return of Tata BSE Select Business Groups Index Fund in the past 6 months?,Tata BSE Select Business Groups Index Fund
Can you provide details about the dividend option in Union Overnight Fund?,Union Overnight Fund
What are the recent returns for Canara Robeco ELSS Tax Saver?,Canara Robeco ELSS Tax Saver
Has Motilal Oswal Nifty Microcap 250 Index Fund been outperforming the market?,Motilal Oswal Nifty Microcap 250 Index Fund
What was the return of Tata BSE Select Business Groups Index Fund in the past 6 months?,Tata BSE Select Business Groups Index Fund
Tell me about the volatility of Motilal Oswal Asset Allocation Passive Fund of Fund - Conservative.,Motilal Oswal Asset Allocation Passive Fund of Fund - Conservative
Can I start an SIP with Motilal Oswal Asset Allocation Passive Fund of Fund - Conservative?,Motilal Oswal Asset Allocation Passive Fund of Fund - Conservative
What's the dividend frequency for Groww Nifty EV & New Age Automotive ETF FOF?,Groww Nifty EV & New Age Automotive ETF FOF
Give me the benchmark for Motilal Oswal Nifty Microcap 250 Index Fund.,Motilal Oswal Nifty Microcap 250 Index Fund
What's the Sharpe Ratio of Kotak Focused Equity Fund?,Kotak Focused Equity Fund
Tell me about the volatility of Kotak Bluechip Fund.,Kotak Bluechip Fund
How is Kotak Focused Equity Fund rated by AMFI?,Kotak Focused Equity Fund
What is the minimum investment required for Motilal Oswal Nifty Microcap 250 Index Fund?,Motilal Oswal Nifty Microcap 250 Index Fund
Tell me about the portfolio holdings of ICICI Prudential Transportation and Logistics Fund.,ICICI Prudential Transportation and Logistics Fund
Give me the benchmark for ICICI Prudential Transportation and Logistics Fund.,ICICI Prudential Transportation and Logistics Fund
Does Tata BSE Select Business Groups Index Fund have any lock-in period?,Tata BSE Select Business Groups Index Fund
Tell me the expense ratio of DSP Fixed Maturity Plan - Series 264 - 60 Months and 17 Days.,DSP Fixed Maturity Plan - Series 264 - 60 Months and 17 Days
What was the last month's return of Kotak Bluechip Fund?,Kotak Bluechip Fund
Give me the benchmark for HSBC Medium Duration Fund.,HSBC Medium Duration Fund
Does SBI Fixed Maturity Plan (FMP) - Series 78 (1170 Days) offer a switch option?,SBI Fixed Maturity Plan (FMP) - Series 78 (1170 Days)
How has Groww Nifty EV & New Age Automotive ETF FOF performed over the last year?,Groww Nifty EV & New Age Automotive ETF FOF
Does SBI Fixed Maturity Plan (FMP) - Series 78 (1170 Days) have any lock-in period?,SBI Fixed Maturity Plan (FMP) - Series 78 (1170 Days)
What is the NAV of Union Overnight Fund?,Union Overnight Fund
Is it beneficial to hold Tata BSE Select Business Groups Index Fund long-term?,Tata BSE Select Business Groups Index Fund
What are the redemption terms for ICICI Prudential Gilt Fund?,ICICI Prudential Gilt Fund
Should I consider investing in ICICI Prudential Transportation and Logistics Fund?,ICICI Prudential Transportation and Logistics Fund
Is Groww Nifty EV & New Age Automotive ETF FOF a good investment for SIP?,Groww Nifty EV & New Age Automotive ETF FOF
Tell me the expense ratio of Motilal Oswal Nifty Microcap 250 Index Fund.,Motilal Oswal Nifty Microcap 250 Index Fund
Can you provide the recent NAV for ICICI Prudential Transportation and Logistics Fund?,ICICI Prudential Transportation and Logistics Fund
What's the asset allocation of DSP Fixed Maturity Plan - Series 264 - 60 Months and 17 Days?,DSP Fixed Maturity Plan - Series 264 - 60 Months and 17 Days
Is it beneficial to hold UTI Money Market Fund long-term?,UTI Money Market Fund
How has Canara Robeco ELSS Tax Saver performed over the last year?,Canara Robeco ELSS Tax Saver
What's the dividend frequency for DSP Fixed Maturity Plan - Series 264 - 60 Months and 17 Days?,DSP Fixed Maturity Plan - Series 264 - 60 Months and 17 Days
What are the recent returns for Tata BSE Select Business Groups Index Fund?,Tata BSE Select Business Groups Index Fund
Does Motilal Oswal Nifty Microcap 250 Index Fund offer a switch option?,Motilal Oswal Nifty Microcap 250 Index Fund
What was the last month's return of Canara Robeco ELSS Tax Saver?,Canara Robeco ELSS Tax Saver
Should I consider investing in Aditya Birla Sun Life Pharma & Healthcare Fund?,Aditya Birla Sun Life Pharma & Healthcare Fund
What was the return of Bandhan Credit Risk Fund in the past 6 months?,Bandhan Credit Risk Fund
Tell me the expense ratio of Motilal Oswal Asset Allocation Passive Fund of Fund - Conservative.,Motilal Oswal Asset Allocation Passive Fund of Fund - Conservative
Explain the investment objective of Aditya Birla Sun Life Pharma & Healthcare Fund.,Aditya Birla Sun Life Pharma & Healthcare Fund
What was the last month's return of Motilal Oswal Nifty Microcap 250 Index Fund?,Motilal Oswal Nifty Microcap 250 Index Fund
Is it beneficial to hold HSBC Medium Duration Fund long-term?,HSBC Medium Duration Fund
Is Groww Nifty EV & New Age Automotive ETF FOF a good investment for SIP?,Groww Nifty EV & New Age Automotive ETF FOF
What's the performance of Tata BSE Select Business Groups Index Fund?,Tata BSE Select Business Groups Index Fund
Tell me about the portfolio holdings of Canara Robeco ELSS Tax Saver.,Canara Robeco ELSS Tax Saver
Is it beneficial to hold DSP Fixed Maturity Plan - Series 264 - 60 Months and 17 Days long-term?,DSP Fixed Maturity Plan - Series 264 - 60 Months and 17 Days
What's the risk associated with Groww Nifty EV & New Age Automotive ETF FOF?,Groww Nifty EV & New Age Automotive ETF FOF
Can you provide details about the dividend option in ICICI Prudential Transportation and Logistics Fund?,ICICI Prudential Transportation and Logistics Fund
What's the performance of Bandhan Credit Risk Fund?,Bandhan Credit Risk Fund
What's the risk associated with Aditya Birla Sun Life Pharma & Healthcare Fund?,Aditya Birla Sun Life Pharma & Healthcare Fund
Tell me about the portfolio holdings of Union Overnight Fund.,Union Overnight Fund
Tell me the expense ratio of Bandhan Credit Risk Fund.,Bandhan Credit Risk Fund
What's the dividend frequency for ICICI Prudential Transportation and Logistics Fund?,ICICI Prudential Transportation and Logistics Fund
Can you provide the recent NAV for Bandhan Credit Risk Fund?,Bandhan Credit Risk Fund
Is it beneficial to hold ICICI Prudential Gilt Fund long-term?,ICICI Prudential Gilt Fund
What's the risk associated with UTI Money Market Fund?,UTI Money Market Fund
What's the asset allocation of SBI Fixed Maturity Plan (FMP) - Series 78 (1170 Days)?,SBI Fixed Maturity Plan (FMP) - Series 78 (1170 Days)
What is the NAV of Bandhan Credit Risk Fund?,Bandhan Credit Risk Fund
Tell me the expense ratio of DSP Fixed Maturity Plan - Series 264 - 60 Months and 17 Days.,DSP Fixed Maturity Plan - Series 264 - 60 Months and 17 Days
What is the NAV of Union Overnight Fund?,Union Overnight Fund
What's the dividend frequency for Bandhan Credit Risk Fund?,Bandhan Credit Risk Fund
Has Groww Nifty EV & New Age Automotive ETF FOF been outperforming the market?,Groww Nifty EV & New Age Automotive ETF FOF
Is Motilal Oswal Asset Allocation Passive Fund of Fund - Conservative a good investment for SIP?,Motilal Oswal Asset Allocation Passive Fund of Fund - Conservative
Should I consider investing in Motilal Oswal Nifty Microcap 250 Index Fund?,Motilal Oswal Nifty Microcap 250 Index Fund
What are the recent returns for DSP Fixed Maturity Plan - Series 264 - 60 Months and 17 Days?,DSP Fixed Maturity Plan - Series 264 - 60 Months and 17 Days
How has Bandhan Credit Risk Fund performed over the last year?,Bandhan Credit Risk Fund
Tell me the expense ratio of Union Overnight Fund.,Union Overnight Fund
Can you provide the recent NAV for Motilal Oswal Asset Allocation Passive Fund of Fund - Conservative?,Motilal Oswal Asset Allocation Passive Fund of Fund - Conservative
Tell me about the volatility of Kotak Focused Equity Fund.,Kotak Focused Equity Fund
Can I start an SIP with Tata BSE Select Business Groups Index Fund?,Tata BSE Select Business Groups Index Fund
Can you provide the recent NAV for Bandhan Credit Risk Fund?,Bandhan Credit Risk Fund
Does Motilal Oswal Asset Allocation Passive Fund of Fund - Conservative have any lock-in period?,Motilal Oswal Asset Allocation Passive Fund of Fund - Conservative
Is it beneficial to hold UTI Money Market Fund long-term?,UTI Money Market Fund
Can you provide the recent NAV for HSBC Medium Duration Fund?,HSBC Medium Duration Fund
What's the growth option NAV of DSP Fixed Maturity Plan - Series 264 - 60 Months and 17 Days?,DSP Fixed Maturity Plan - Series 264 - 60 Months and 17 Days
Tell me about the portfolio holdings of Motilal Oswal Nifty Microcap 250 Index Fund.,Motilal Oswal Nifty Microcap 250 Index Fund
How risky is investing in HSBC Medium Duration Fund?,HSBC Medium Duration Fund
Does HSBC Medium Duration Fund have any lock-in period?,HSBC Medium Duration Fund
Can you provide details about the dividend option in ICICI Prudential Gilt Fund?,ICICI Prudential Gilt Fund
Give me the benchmark for Aditya Birla Sun Life Pharma & Healthcare Fund.,Aditya Birla Sun Life Pharma & Healthcare Fund
Give me the benchmark for Bandhan Credit Risk Fund.,Bandhan Credit Risk Fund
Can I start an SIP with UTI Money Market Fund?,UTI Money Market Fund
Does ICICI Prudential Transportation and Logistics Fund have any lock-in period?,ICICI Prudential Transportation and Logistics Fund
What's the Sharpe Ratio of Kotak Focused Equity Fund?,Kotak Focused Equity Fund
What's the performance of DSP Fixed Maturity Plan - Series 264 - 60 Months and 17 Days?,DSP Fixed Maturity Plan - Series 264 - 60 Months and 17 Days
What's the dividend frequency for ICICI Prudential Transportation and Logistics Fund?,ICICI Prudential Transportation and Logistics Fund
Can you provide the recent NAV for UTI Money Market Fund?,UTI Money Market Fund
What's the growth option NAV of ICICI Prudential Gilt Fund?,ICICI Prudential Gilt Fund
Should I consider investing in Aditya Birla Sun Life Pharma & Healthcare Fund?,Aditya Birla Sun Life Pharma & Healthcare Fund
Does Canara Robeco ELSS Tax Saver offer a switch option?,Canara Robeco ELSS Tax Saver
What is the minimum investment required for SBI Fixed Maturity Plan (FMP) - Series 78 (1170 Days)?,SBI Fixed Maturity Plan (FMP) - Series 78 (1170 Days)
What are the recent returns for Bandhan Credit Risk Fund?,Bandhan Credit Risk Fund
What's the risk associated with Kotak Focused Equity Fund?,Kotak Focused Equity Fund
What is the NAV of Motilal Oswal Nifty Microcap 250 Index Fund?,Motilal Oswal Nifty Microcap 250 Index Fund
Tell me the expense ratio of ICICI Prudential Transportation and Logistics Fund.,ICICI Prudential Transportation and Logistics Fund
What's the growth option NAV of UTI Money Market Fund?,UTI Money Market Fund
What was the return of Canara Robeco ELSS Tax Saver in the past 6 months?,Canara Robeco ELSS Tax Saver
How has DSP Fixed Maturity Plan - Series 264 - 60 Months and 17 Days performed over the last year?,DSP Fixed Maturity Plan - Series 264 - 60 Months and 17 Days
What are the recent returns for Motilal Oswal Nifty Microcap 250 Index Fund?,Motilal Oswal Nifty Microcap 250 Index Fund
Has Canara Robeco ELSS Tax Saver been outperforming the market?,Canara Robeco ELSS Tax Saver
Tell me the expense ratio of UTI Money Market Fund.,UTI Money Market Fund
Tell me the expense ratio of SBI Fixed Maturity Plan (FMP) - Series 78 (1170 Days).,SBI Fixed Maturity Plan (FMP) - Series 78 (1170 Days)
Is ICICI Prudential Transportation and Logistics Fund better than other similar funds?,ICICI Prudential Transportation and Logistics Fund
What's the asset allocation of ICICI Prudential Transportation and Logistics Fund?,ICICI Prudential Transportation and Logistics Fund
Tell me about the volatility of Aditya Birla Sun Life Pharma & Healthcare Fund.,Aditya Birla Sun Life Pharma & Healthcare Fund
Can I start an SIP with Kotak Bluechip Fund?,Kotak Bluechip Fund
What's the asset allocation of Motilal Oswal Asset Allocation Passive Fund of Fund - Conservative?,Motilal Oswal Asset Allocation Passive Fund of Fund - Conservative
Does Groww Nifty EV & New Age Automotive ETF FOF have any lock-in period?,Groww Nifty EV & New Age Automotive ETF FOF
Tell me about the portfolio holdings of DSP Fixed Maturity Plan - Series 264 - 60 Months and 17 Days.,DSP Fixed Maturity Plan - Series 264 - 60 Months and 17 Days
How has ICICI Prudential Gilt Fund performed over the last year?,ICICI Prudential Gilt Fund
Can you provide the recent NAV for Kotak Focused Equity Fund?,Kotak Focused Equity Fund
Does Kotak Bluechip Fund offer a switch option?,Kotak Bluechip Fund
Has Kotak Bluechip Fund been outperforming the market?,Kotak Bluechip Fund
Tell me about the volatility of SBI Fixed Maturity Plan (FMP) - Series 78 (1170 Days).,SBI Fixed Maturity Plan (FMP) - Series 78 (1170 Days)
Is it beneficial to hold SBI Fixed Maturity Plan (FMP) - Series 78 (1170 Days) long-term?,SBI Fixed Maturity Plan (FMP) - Series 78 (1170 Days)
What's the performance of HSBC Medium Duration Fund?,HSBC Medium Duration Fund
Tell me about the volatility of Aditya Birla Sun Life Pharma & Healthcare Fund.,Aditya Birla Sun Life Pharma & Healthcare Fund
What's the growth option NAV of Groww Nifty EV & New Age Automotive ETF FOF?,Groww Nifty EV & New Age Automotive ETF FOF
What's the asset allocation of UTI Money Market Fund?,UTI Money Market Fund
Can you provide details about the dividend option in DSP Fixed Maturity Plan - Series 264 - 60 Months and 17 Days?,DSP Fixed Maturity Plan - Series 264 - 60 Months and 17 Days
Is it beneficial to hold Union Overnight Fund long-term?,Union Overnight Fund
What are the redemption terms for Kotak Bluechip Fund?,Kotak Bluechip Fund
Is HSBC Medium Duration Fund a good investment for SIP?,HSBC Medium Duration Fund
What was the last month's return of Canara Robeco ELSS Tax Saver?,Canara Robeco ELSS Tax Saver
What's the asset allocation of ICICI Prudential Transportation and Logistics Fund?,ICICI Prudential Transportation and Logistics Fund
What are the redemption terms for Groww Nifty EV & New Age Automotive ETF FOF?,Groww Nifty EV & New Age Automotive ETF FOF
What's the performance of ICICI Prudential Gilt Fund?,ICICI Prudential Gilt Fund
Tell me the expense ratio of ICICI Prudential Gilt Fund.,ICICI Prudential Gilt Fund
What are the recent returns for Bandhan Credit Risk Fund?,Bandhan Credit Risk Fund
What's the asset allocation of HSBC Medium Duration Fund?,HSBC Medium Duration Fund
Is Kotak Focused Equity Fund better than other similar funds?,Kotak Focused Equity Fund
What is the NAV of Groww Nifty EV & New Age Automotive ETF FOF?,Groww Nifty EV & New Age Automotive ETF FOF
Explain the investment objective of Tata BSE Select Business Groups Index Fund.,Tata BSE Select Business Groups Index Fund
How has Motilal Oswal Nifty Microcap 250 Index Fund performed over the last year?,Motilal Oswal Nifty Microcap 250 Index Fund
Is Bandhan Credit Risk Fund a good investment for SIP?,Bandhan Credit Risk Fund
Can you provide details about the dividend option in Motilal Oswal Nifty Microcap 250 Index Fund?,Motilal Oswal Nifty Microcap 250 Index Fund
Is it beneficial to hold HSBC Medium Duration Fund long-term?,HSBC Medium Duration Fund
Can you provide the recent NAV for HSBC Medium Duration Fund?,HSBC Medium Duration Fund
Can you provide the recent NAV for Union Overnight Fund?,Union Overnight Fund
What's the dividend frequency for Tata BSE Select Business Groups Index Fund?,Tata BSE Select Business Groups Index Fund
What is the minimum investment required for Tata BSE Select Business Groups Index Fund?,Tata BSE Select Business Groups Index Fund
Give me the benchmark for SBI Fixed Maturity Plan (FMP) - Series 78 (1170 Days).,SBI Fixed Maturity Plan (FMP) - Series 78 (1170 Days)
What's the risk associated with Groww Nifty EV & New Age Automotive ETF FOF?,Groww Nifty EV & New Age Automotive ETF FOF
What was the return of HSBC Medium Duration Fund in the past 6 months?,HSBC Medium Duration Fund
How has Union Overnight Fund performed over the last year?,Union Overnight Fund
Does Aditya Birla Sun Life Pharma & Healthcare Fund offer a switch option?,Aditya Birla Sun Life Pharma & Healthcare Fund
Does Motilal Oswal Asset Allocation Passive Fund of Fund - Conservative offer a switch option?,Motilal Oswal Asset Allocation Passive Fund of Fund - Conservative
Is it beneficial to hold ICICI Prudential Gilt Fund long-term?,ICICI Prudential Gilt Fund
What's the risk associated with Motilal Oswal Asset Allocation Passive Fund of Fund - Conservative?,Motilal Oswal Asset Allocation Passive Fund of Fund - Conservative
Tell me about the volatility of Kotak Focused Equity Fund.,Kotak Focused Equity Fund
Can you provide details about the dividend option in ICICI Prudential Transportation and Logistics Fund?,ICICI Prudential Transportation and Logistics Fund
Explain the investment objective of Union Overnight Fund.,Union Overnight Fund
Does Union Overnight Fund offer a switch option?,Union Overnight Fund
How has Motilal Oswal Asset Allocation Passive Fund of Fund - Conservative performed over the last year?,Motilal Oswal Asset Allocation Passive Fund of Fund - Conservative
Explain the investment objective of SBI Fixed Maturity Plan (FMP) - Series 78 (1170 Days).,SBI Fixed Maturity Plan (FMP) - Series 78 (1170 Days)
What's the asset allocation of Kotak Focused Equity Fund?,Kotak Focused Equity Fund
What was the return of SBI Fixed Maturity Plan (FMP) - Series 78 (1170 Days) in the past 6 months?,SBI Fixed Maturity Plan (FMP) - Series 78 (1170 Days)
Can you provide the recent NAV for Groww Nifty EV & New Age Automotive ETF FOF?,Groww Nifty EV & New Age Automotive ETF FOF
Can you provide the recent NAV for Kotak Focused Equity Fund?,Kotak Focused Equity Fund
What are the recent returns for Groww Nifty EV & New Age Automotive ETF FOF?,Groww Nifty EV & New Age Automotive ETF FOF
Should I consider investing in Bandhan Credit Risk Fund?,Bandhan Credit Risk Fund
Tell me about the portfolio holdings of Union Overnight Fund.,Union Overnight Fund
Can you provide details about the dividend option in Tata BSE Select Business Groups Index Fund?,Tata BSE Select Business Groups Index Fund
What's the Sharpe Ratio of ICICI Prudential Gilt Fund?,ICICI Prudential Gilt Fund
What is the minimum investment required for ICICI Prudential Transportation and Logistics Fund?,ICICI Prudential Transportation and Logistics Fund
Can I start an SIP with HSBC Medium Duration Fund?,HSBC Medium Duration Fund
Is Groww Nifty EV & New Age Automotive ETF FOF a good investment for SIP?,Groww Nifty EV & New Age Automotive ETF FOF
Can you provide the recent NAV for Canara Robeco ELSS Tax Saver?,Canara Robeco ELSS Tax Saver
What is the NAV of Kotak Bluechip Fund?,Kotak Bluechip Fund
Can you provide details about the dividend option in Aditya Birla Sun Life Pharma & Healthcare Fund?,Aditya Birla Sun Life Pharma & Healthcare Fund
Can you provide details about the dividend option in Motilal Oswal Asset Allocation Passive Fund of Fund - Conservative?,Motilal Oswal Asset Allocation Passive Fund of Fund - Conservative
Is it beneficial to hold DSP Fixed Maturity Plan - Series 264 - 60 Months and 17 Days long-term?,DSP Fixed Maturity Plan - Series 264 - 60 Months and 17 Days
What is the NAV of HSBC Medium Duration Fund?,HSBC Medium Duration Fund
Tell me about the volatility of Aditya Birla Sun Life Pharma & Healthcare Fund.,Aditya Birla Sun Life Pharma & Healthcare Fund
What are the redemption terms for Union Overnight Fund?,Union Overnight Fund
What's the performance of Union Overnight Fund?,Union Overnight Fund
What are the recent returns for Kotak Focused Equity Fund?,Kotak Focused Equity Fund
Can I start an SIP with Tata BSE Select Business Groups Index Fund?,Tata BSE Select Business Groups Index Fund
Is DSP Fixed Maturity Plan - Series 264 - 60 Months and 17 Days a good investment for SIP?,DSP Fixed Maturity Plan - Series 264 - 60 Months and 17 Days
Give me the benchmark for Aditya Birla Sun Life Pharma & Healthcare Fund.,Aditya Birla Sun Life Pharma & Healthcare Fund
What's the asset allocation of Aditya Birla Sun Life Pharma & Healthcare Fund?,Aditya Birla Sun Life Pharma & Healthcare Fund
Does ICICI Prudential Transportation and Logistics Fund have any lock-in period?,ICICI Prudential Transportation and Logistics Fund
What was the return of UTI Money Market Fund in the past 6 months?,UTI Money Market Fund
What are the redemption terms for ICICI Prudential Gilt Fund?,ICICI Prudential Gilt Fund
Tell me the expense ratio of Union Overnight Fund.,Union Overnight Fund
What's the performance of Motilal Oswal Nifty Microcap 250 Index Fund?,Motilal Oswal Nifty Microcap 250 Index Fund
What are the redemption terms for Motilal Oswal Asset Allocation Passive Fund of Fund - Conservative?,Motilal Oswal Asset Allocation Passive Fund of Fund - Conservative
How risky is investing in Canara Robeco ELSS Tax Saver?,Canara Robeco ELSS Tax Saver
Does Canara Robeco ELSS Tax Saver have any lock-in period?,Canara Robeco ELSS Tax Saver
What is the NAV of Bandhan Credit Risk Fund?,Bandhan Credit Risk Fund
What is the NAV of HSBC Medium Duration Fund?,HSBC Medium Duration Fund
What's the asset allocation of Union Overnight Fund?,Union Overnight Fund
What's the performance of DSP Fixed Maturity Plan - Series 264 - 60 Months and 17 Days?,DSP Fixed Maturity Plan - Series 264 - 60 Months and 17 Days
How has UTI Money Market Fund performed over the last year?,UTI Money Market Fund
Can you provide the recent NAV for ICICI Prudential Gilt Fund?,ICICI Prudential Gilt Fund
How is Tata BSE Select Business Groups Index Fund rated by AMFI?,Tata BSE Select Business Groups Index Fund
Can you provide the recent NAV for Aditya Birla Sun Life Pharma & Healthcare Fund?,Aditya Birla Sun Life Pharma & Healthcare Fund
What's the asset allocation of ICICI Prudential Gilt Fund?,ICICI Prudential Gilt Fund
What is the NAV of Motilal Oswal Nifty Microcap 250 Index Fund?,Motilal Oswal Nifty Microcap 250 Index Fund
Explain the investment objective of Tata BSE Select Business Groups Index Fund.,Tata BSE Select Business Groups Index Fund
Can you provide details about the dividend option in Groww Nifty EV & New Age Automotive ETF FOF?,Groww Nifty EV & New Age Automotive ETF FOF
What are the recent returns for Tata BSE Select Business Groups Index Fund?,Tata BSE Select Business Groups Index Fund
What are the redemption terms for Kotak Focused Equity Fund?,Kotak Focused Equity Fund
Tell me about the portfolio holdings of Bandhan Credit Risk Fund.,Bandhan Credit Risk Fund
Is it beneficial to hold Kotak Focused Equity Fund long-term?,Kotak Focused Equity Fund
What was the return of Motilal Oswal Asset Allocation Passive Fund of Fund - Conservative in the past 6 months?,Motilal Oswal Asset Allocation Passive Fund of Fund - Conservative
Is Aditya Birla Sun Life Pharma & Healthcare Fund a good investment for SIP?,Aditya Birla Sun Life Pharma & Healthcare Fund
Tell me the expense ratio of UTI Money Market Fund.,UTI Money Market Fund
Tell me about the volatility of DSP Fixed Maturity Plan - Series 264 - 60 Months and 17 Days.,DSP Fixed Maturity Plan - Series 264 - 60 Months and 17 Days
Is DSP Fixed Maturity Plan - Series 264 - 60 Months and 17 Days better than other similar funds?,DSP Fixed Maturity Plan - Series 264 - 60 Months and 17 Days
What is the NAV of Union Overnight Fund?,Union Overnight Fund
What's the growth option NAV of Motilal Oswal Nifty Microcap 250 Index Fund?,Motilal Oswal Nifty Microcap 250 Index Fund
Give me the benchmark for Bandhan Credit Risk Fund.,Bandhan Credit Risk Fund
Is Aditya Birla Sun Life Pharma & Healthcare Fund a good investment for SIP?,Aditya Birla Sun Life Pharma & Healthcare Fund
How risky is investing in Bandhan Credit Risk Fund?,Bandhan Credit Risk Fund
How risky is investing in SBI Fixed Maturity Plan (FMP) - Series 78 (1170 Days)?,SBI Fixed Maturity Plan (FMP) - Series 78 (1170 Days)
Is it beneficial to hold Bandhan Credit Risk Fund long-term?,Bandhan Credit Risk Fund
How risky is investing in Motilal Oswal Nifty Microcap 250 Index Fund?,Motilal Oswal Nifty Microcap 250 Index Fund
Tell me about the portfolio holdings of Groww Nifty EV & New Age Automotive ETF FOF.,Groww Nifty EV & New Age Automotive ETF FOF
Does Groww Nifty EV & New Age Automotive ETF FOF have any lock-in period?,Groww Nifty EV & New Age Automotive ETF FOF
How has Kotak Focused Equity Fund performed over the last year?,Kotak Focused Equity Fund
What are the redemption terms for Kotak Bluechip Fund?,Kotak Bluechip Fund
Can you provide details about the dividend option in Kotak Bluechip Fund?,Kotak Bluechip Fund
Give me the benchmark for Aditya Birla Sun Life Pharma & Healthcare Fund.,Aditya Birla Sun Life Pharma & Healthcare Fund
What's the Sharpe Ratio of Bandhan Credit Risk Fund?,Bandhan Credit Risk Fund
What's the asset allocation of Aditya Birla Sun Life Pharma & Healthcare Fund?,Aditya Birla Sun Life Pharma & Healthcare Fund
Explain the investment objective of Tata BSE Select Business Groups Index Fund.,Tata BSE Select Business Groups Index Fund
Can you provide details about the dividend option in Aditya Birla Sun Life Pharma & Healthcare Fund?,Aditya Birla Sun Life Pharma & Healthcare Fund
What's the growth option NAV of Groww Nifty EV & New Age Automotive ETF FOF?,Groww Nifty EV & New Age Automotive ETF FOF
Does Aditya Birla Sun Life Pharma & Healthcare Fund have any lock-in period?,Aditya Birla Sun Life Pharma & Healthcare Fund
Has UTI Money Market Fund been outperforming the market?,UTI Money Market Fund
What's the growth option NAV of Groww Nifty EV & New Age Automotive ETF FOF?,Groww Nifty EV & New Age Automotive ETF FOF
Give me the benchmark for Aditya Birla Sun Life Pharma & Healthcare Fund.,Aditya Birla Sun Life Pharma & Healthcare Fund
What are the recent returns for DSP Fixed Maturity Plan - Series 264 - 60 Months and 17 Days?,DSP Fixed Maturity Plan - Series 264 - 60 Months and 17 Days
What's the Sharpe Ratio of Motilal Oswal Nifty Microcap 250 Index Fund?,Motilal Oswal Nifty Microcap 250 Index Fund
How risky is investing in Motilal Oswal Nifty Microcap 250 Index Fund?,Motilal Oswal Nifty Microcap 250 Index Fund
What was the last month's return of ICICI Prudential Transportation and Logistics Fund?,ICICI Prudential Transportation and Logistics Fund
What is the NAV of UTI Money Market Fund?,UTI Money Market Fund
How is Motilal Oswal Asset Allocation Passive Fund of Fund - Conservative rated by AMFI?,Motilal Oswal Asset Allocation Passive Fund of Fund - Conservative
What was the last month's return of Motilal Oswal Asset Allocation Passive Fund of Fund - Conservative?,Motilal Oswal Asset Allocation Passive Fund of Fund - Conservative
What's the risk associated with DSP Fixed Maturity Plan - Series 264 - 60 Months and 17 Days?,DSP Fixed Maturity Plan - Series 264 - 60 Months and 17 Days
Should I consider investing in HSBC Medium Duration Fund?,HSBC Medium Duration Fund
What's the dividend frequency for Kotak Bluechip Fund?,Kotak Bluechip Fund
What is the NAV of Canara Robeco ELSS Tax Saver?,Canara Robeco ELSS Tax Saver
Does Kotak Focused Equity Fund have any lock-in period?,Kotak Focused Equity Fund
What's the asset allocation of Union Overnight Fund?,Union Overnight Fund
What's the risk associated with Motilal Oswal Nifty Microcap 250 Index Fund?,Motilal Oswal Nifty Microcap 250 Index Fund
Can I start an SIP with Tata BSE Select Business Groups Index Fund?,Tata BSE Select Business Groups Index Fund
What's the performance of SBI Fixed Maturity Plan (FMP) - Series 78 (1170 Days)?,SBI Fixed Maturity Plan (FMP) - Series 78 (1170 Days)
Is UTI Money Market Fund a good investment for SIP?,UTI Money Market Fund
Is it beneficial to hold Aditya Birla Sun Life Pharma & Healthcare Fund long-term?,Aditya Birla Sun Life Pharma & Healthcare Fund
Can you provide details about the dividend option in Kotak Focused Equity Fund?,Kotak Focused Equity Fund
Tell me about the volatility of ICICI Prudential Gilt Fund.,ICICI Prudential Gilt Fund
What's the dividend frequency for UTI Money Market Fund?,UTI Money Market Fund
What was the return of Tata BSE Select Business Groups Index Fund in the past 6 months?,Tata BSE Select Business Groups Index Fund
What's the Sharpe Ratio of Kotak Bluechip Fund?,Kotak Bluechip Fund
What's the risk associated with Canara Robeco ELSS Tax Saver?,Canara Robeco ELSS Tax Saver
Give me the benchmark for Tata BSE Select Business Groups Index Fund.,Tata BSE Select Business Groups Index Fund
Tell me about the volatility of Bandhan Credit Risk Fund.,Bandhan Credit Risk Fund
Can you provide details about the dividend option in Kotak Bluechip Fund?,Kotak Bluechip Fund
What's the dividend frequency for HSBC Medium Duration Fund?,HSBC Medium Duration Fund
Tell me about the portfolio holdings of UTI Money Market Fund.,UTI Money Market Fund
What is the minimum investment required for Union Overnight Fund?,Union Overnight Fund
What are the redemption terms for Kotak Focused Equity Fund?,Kotak Focused Equity Fund
Has Kotak Bluechip Fund been outperforming the market?,Kotak Bluechip Fund
What are the redemption terms for SBI Fixed Maturity Plan (FMP) - Series 78 (1170 Days)?,SBI Fixed Maturity Plan (FMP) - Series 78 (1170 Days)
What's the performance of Tata BSE Select Business Groups Index Fund?,Tata BSE Select Business Groups Index Fund
Give me the benchmark for Union Overnight Fund.,Union Overnight Fund
What's the performance of Motilal Oswal Asset Allocation Passive Fund of Fund - Conservative?,Motilal Oswal Asset Allocation Passive Fund of Fund - Conservative
Can you provide details about the dividend option in ICICI Prudential Transportation and Logistics Fund?,ICICI Prudential Transportation and Logistics Fund
Is Motilal Oswal Nifty Microcap 250 Index Fund a good investment for SIP?,Motilal Oswal Nifty Microcap 250 Index Fund
Does SBI Fixed Maturity Plan (FMP) - Series 78 (1170 Days) have any lock-in period?,SBI Fixed Maturity Plan (FMP) - Series 78 (1170 Days)
Explain the investment objective of ICICI Prudential Gilt Fund.,ICICI Prudential Gilt Fund
What's the Sharpe Ratio of Tata BSE Select Business Groups Index Fund?,Tata BSE Select Business Groups Index Fund
Does Motilal Oswal Asset Allocation Passive Fund of Fund - Conservative offer a switch option?,Motilal Oswal Asset Allocation Passive Fund of Fund - Conservative
What's the Sharpe Ratio of Groww Nifty EV & New Age Automotive ETF FOF?,Groww Nifty EV & New Age Automotive ETF FOF
What's the performance of ICICI Prudential Gilt Fund?,ICICI Prudential Gilt Fund
What's the asset allocation of Tata BSE Select Business Groups Index Fund?,Tata BSE Select Business Groups Index Fund
What's the risk associated with SBI Fixed Maturity Plan (FMP) - Series 78 (1170 Days)?,SBI Fixed Maturity Plan (FMP) - Series 78 (1170 Days)
What was the return of ICICI Prudential Transportation and Logistics Fund in the past 6 months?,ICICI Prudential Transportation and Logistics Fund
What is the NAV of Groww Nifty EV & New Age Automotive ETF FOF?,Groww Nifty EV & New Age Automotive ETF FOF
What's the dividend frequency for Union Overnight Fund?,Union Overnight Fund
What's the dividend frequency for UTI Money Market Fund?,UTI Money Market Fund
What's the growth option NAV of Kotak Focused Equity Fund?,Kotak Focused Equity Fund
How risky is investing in HSBC Medium Duration Fund?,HSBC Medium Duration Fund
Tell me about the portfolio holdings of ICICI Prudential Gilt Fund.,ICICI Prudential Gilt Fund
What's the Sharpe Ratio of UTI Money Market Fund?,UTI Money Market Fund
Does Motilal Oswal Asset Allocation Passive Fund of Fund - Conservative have any lock-in period?,Motilal Oswal Asset Allocation Passive Fund of Fund - Conservative
Can I start an SIP with Bandhan Credit Risk Fund?,Bandhan Credit Risk Fund
What is the minimum investment required for Aditya Birla Sun Life Pharma & Healthcare Fund?,Aditya Birla Sun Life Pharma & Healthcare Fund
Tell me about the portfolio holdings of DSP Fixed Maturity Plan - Series 264 - 60 Months and 17 Days.,DSP Fixed Maturity Plan - Series 264 - 60 Months and 17 Days
Can I start an SIP with Union Overnight Fund?,Union Overnight Fund
Can you provide details about the dividend option in Bandhan Credit Risk Fund?,Bandhan Credit Risk Fund
What was the return of SBI Fixed Maturity Plan (FMP) - Series 78 (1170 Days) in the past 6 months?,SBI Fixed Maturity Plan (FMP) - Series 78 (1170 Days)
What's the Sharpe Ratio of HSBC Medium Duration Fund?,HSBC Medium Duration Fund
Can you provide details about the dividend option in Motilal Oswal Nifty Microcap 250 Index Fund?,Motilal Oswal Nifty Microcap 250 Index Fund
What's the performance of Motilal Oswal Nifty Microcap 250 Index Fund?,Motilal Oswal Nifty Microcap 250 Index Fund
Tell me the expense ratio of Motilal Oswal Asset Allocation Passive Fund of Fund - Conservative.,Motilal Oswal Asset Allocation Passive Fund of Fund - Conservative
Give me the benchmark for Motilal Oswal Asset Allocation Passive Fund of Fund - Conservative.,Motilal Oswal Asset Allocation Passive Fund of Fund - Conservative
Tell me about the volatility of DSP Fixed Maturity Plan - Series 264 - 60 Months and 17 Days.,DSP Fixed Maturity Plan - Series 264 - 60 Months and 17 Days
Does Aditya Birla Sun Life Pharma & Healthcare Fund have any lock-in period?,Aditya Birla Sun Life Pharma & Healthcare Fund
Should I consider investing in Union Overnight Fund?,Union Overnight Fund
Is Aditya Birla Sun Life Pharma & Healthcare Fund better than other similar funds?,Aditya Birla Sun Life Pharma & Healthcare Fund
How risky is investing in Kotak Bluechip Fund?,Kotak Bluechip Fund
What was the last month's return of Union Overnight Fund?,Union Overnight Fund
How has Bandhan Credit Risk Fund performed over the last year?,Bandhan Credit Risk Fund
What was the return of Groww Nifty EV & New Age Automotive ETF FOF in the past 6 months?,Groww Nifty EV & New Age Automotive ETF FOF
Tell me about the portfolio holdings of SBI Fixed Maturity Plan (FMP) - Series 78 (1170 Days).,SBI Fixed Maturity Plan (FMP) - Series 78 (1170 Days)
What's the risk associated with HSBC Medium Duration Fund?,HSBC Medium Duration Fund
Can you provide details about the dividend option in Union Overnight Fund?,Union Overnight Fund
Tell me about the portfolio holdings of Union Overnight Fund.,Union Overnight Fund
What's the performance of Tata BSE Select Business Groups Index Fund?,Tata BSE Select Business Groups Index Fund
Can you provide details about the dividend option in Motilal Oswal Nifty Microcap 250 Index Fund?,Motilal Oswal Nifty Microcap 250 Index Fund
Can you provide details about the dividend option in Union Overnight Fund?,Union Overnight Fund
Explain the investment objective of Kotak Bluechip Fund.,Kotak Bluechip Fund
Does Tata BSE Select Business Groups Index Fund have any lock-in period?,Tata BSE Select Business Groups Index Fund
How risky is investing in Aditya Birla Sun Life Pharma & Healthcare Fund?,Aditya Birla Sun Life Pharma & Healthcare Fund
Is it beneficial to hold Motilal Oswal Asset Allocation Passive Fund of Fund - Conservative long-term?,Motilal Oswal Asset Allocation Passive Fund of Fund - Conservative
Can you provide details about the dividend option in Motilal Oswal Nifty Microcap 250 Index Fund?,Motilal Oswal Nifty Microcap 250 Index Fund
Is Motilal Oswal Nifty Microcap 250 Index Fund better than other similar funds?,Motilal Oswal Nifty Microcap 250 Index Fund
Is MO Business Cycle suitable for a conservative investor?,Motilal Oswal Business Cycle Fund
What's the SIP minimum for Bandhan Income Plan?,Bandhan Bond Fund - Income Plan
Is SBI Auto Fund suitable for a conservative investor?,SBI Automotive Opportunities Fund
Is SBI Auto Fund better than FD?,SBI Automotive Opportunities Fund
What's the investment horizon for DSP Fixed Maturity 270?,DSP FMP Series 270 - 1144 Days
How has MO Business Cycle performed over the last 1 year?,Motilal Oswal Business Cycle Fund
Any lock-in period for SBI Auto Fund?,SBI Automotive Opportunities Fund
Does Axis Floating Rate Fund give regular dividends?,Axis Floater Fund
Does ICICI Pru FMP 1199Q give regular dividends?,ICICI Prudential Fixed Maturity Plan - Series 88 - 1199 days Plan Q
Does Axis Floating Rate Fund allow SWP?,Axis Floater Fund
Review of HDFC Nifty Gilt 2032 fund?,HDFC Nifty G-Sec Sep 2032 Index Fund
Is Axis FRF open-ended or closed-ended?,Axis Floater Fund
I want to start an SIP in DSP FMP 270. Good idea?,DSP FMP Series 270 - 1144 Days
Tell me the latest NAV of SBI Automotive Fund.,SBI Automotive Opportunities Fund
Who is managing Axis Floater right now?,Axis Floater Fund
What is the risk level of Axis Floating Rate Fund?,Axis Floater Fund
Review of HDFC FMP 2638D fund?,HDFC FMP 2638D February 2023
I want to start an SIP in Axis FRF. Good idea?,Axis Floater Fund
What’s the AUM of HDFC Fixed Maturity Plan Feb 2023?,HDFC FMP 2638D February 2023
How has Motilal Cycle Fund performed over the last 1 year?,Motilal Oswal Business Cycle Fund
Can I invest in DSP FMP 270 monthly?,DSP FMP Series 270 - 1144 Days
Any lock-in period for HDFC G-Sec Fund?,HDFC Nifty G-Sec Sep 2032 Index Fund
I want to start an SIP in HDFC Fixed Maturity Plan Feb 2023. Good idea?,HDFC FMP 2638D February 2023
Is Bandhan Short Term a good option for long term investment?,Bandhan Ultra Short Term Fund
What is the risk level of Bandhan Income Plan?,Bandhan Bond Fund - Income Plan
Returns of Axis Floater vs Nifty?,Axis Floater Fund
What is the expense ratio of Bandhan Long Term Debt?,Bandhan Bond Fund - Income Plan
What's the SIP minimum for Bandhan UST Fund?,Bandhan Ultra Short Term Fund
Who is managing Franklin India Liquid right now?,Franklin India Liquid Fund
I want to start an SIP in ICICI FMP Series 88. Good idea?,ICICI Prudential Fixed Maturity Plan - Series 88 - 1199 days Plan Q
What is the risk level of MO Business Cycle?,Motilal Oswal Business Cycle Fund
What's the return of Bandhan Ultra Short in the past 6 months?,Bandhan Ultra Short Term Fund
What's the investment horizon for Bandhan UST Fund?,Bandhan Ultra Short Term Fund
Does Motilal Cycle Fund give regular dividends?,Motilal Oswal Business Cycle Fund
Any lock-in period for HDFC G-Sec 2032?,HDFC Nifty G-Sec Sep 2032 Index Fund
Does HDFC FMP Feb 2023 give regular dividends?,HDFC FMP 2638D February 2023
What's the SIP minimum for SBI Automotive Fund?,SBI Automotive Opportunities Fund
Review of Franklin Short Term fund?,Franklin India Liquid Fund
Does DSP Fixed Maturity 270 allow SWP?,DSP FMP Series 270 - 1144 Days
What is the expense ratio of Bandhan UST Fund?,Bandhan Ultra Short Term Fund
What is the risk level of Axis FRF?,Axis Floater Fund
What is the risk level of HDFC G-Sec Fund?,HDFC Nifty G-Sec Sep 2032 Index Fund
Does HDFC FMP 2638D allow SWP?,HDFC FMP 2638D February 2023
Is HDFC FMP 2638D open-ended or closed-ended?,HDFC FMP 2638D February 2023
Tell me the latest NAV of Franklin Short Term.,Franklin India Liquid Fund
What is the risk level of DSP FMP 270?,DSP FMP Series 270 - 1144 Days
Is HDFC G-Sec Fund suitable for a conservative investor?,HDFC Nifty G-Sec Sep 2032 Index Fund
Is Bandhan Bond Income a good option for long term investment?,Bandhan Bond Fund - Income Plan
Does HDFC Fixed Maturity Plan Feb 2023 give regular dividends?,HDFC FMP 2638D February 2023
Does ICICI Pru FMP 1199Q allow SWP?,ICICI Prudential Fixed Maturity Plan - Series 88 - 1199 days Plan Q
Is HDFC FMP 2638D suitable for a conservative investor?,HDFC FMP 2638D February 2023
Is Bandhan Ultra Short suitable for a conservative investor?,Bandhan Ultra Short Term Fund
Any lock-in period for ICICI Pru FMP 1199Q?,ICICI Prudential Fixed Maturity Plan - Series 88 - 1199 days Plan Q
Does ICICI 1199 days FMP allow SWP?,ICICI Prudential Fixed Maturity Plan - Series 88 - 1199 days Plan Q
What is the expense ratio of Bandhan Short Term?,Bandhan Ultra Short Term Fund
What's the SIP minimum for Franklin Short Term?,Franklin India Liquid Fund
What’s the AUM of HDFC FMP 2638D?,HDFC FMP 2638D February 2023
What's the SIP minimum for HDFC G-Sec 2032?,HDFC Nifty G-Sec Sep 2032 Index Fund
Tell me the latest NAV of HDFC Fixed Maturity Plan Feb 2023.,HDFC FMP 2638D February 2023
How has DSP FMP 1144 Days performed over the last 1 year?,DSP FMP Series 270 - 1144 Days
Is HDFC Nifty Gilt 2032 suitable for a conservative investor?,HDFC Nifty G-Sec Sep 2032 Index Fund
Is SBI Automotive Fund better than FD?,SBI Automotive Opportunities Fund
What’s the AUM of Bandhan Income Plan?,Bandhan Bond Fund - Income Plan
What's the SIP minimum for MO Business Cycle?,Motilal Oswal Business Cycle Fund
Returns of Motilal Business Cycle vs Nifty?,Motilal Oswal Business Cycle Fund
Is HDFC Nifty Gilt 2032 a good option for long term investment?,HDFC Nifty G-Sec Sep 2032 Index Fund
Can I invest in SBI Automotive Fund monthly?,SBI Automotive Opportunities Fund
What is the risk level of Motilal Cycle Fund?,Motilal Oswal Business Cycle Fund
Returns of Bandhan Bond Income vs Nifty?,Bandhan Bond Fund - Income Plan
Does Bandhan Income Plan give regular dividends?,Bandhan Bond Fund - Income Plan
How has ICICI FMP Series 88 performed over the last 1 year?,ICICI Prudential Fixed Maturity Plan - Series 88 - 1199 days Plan Q
Is Bandhan UST Fund a good option for long term investment?,Bandhan Ultra Short Term Fund
Does Bandhan Ultra Short give regular dividends?,Bandhan Ultra Short Term Fund
Tell me the latest NAV of HDFC G-Sec Fund.,HDFC Nifty G-Sec Sep 2032 Index Fund
Can I invest in Axis FRF monthly?,Axis Floater Fund
What's the investment horizon for Motilal Cycle Fund?,Motilal Oswal Business Cycle Fund
Does HDFC FMP Feb 2023 give regular dividends?,HDFC FMP 2638D February 2023
Is Motilal Business Cycle better than FD?,Motilal Oswal Business Cycle Fund
What's the SIP minimum for Motilal Cycle Fund?,Motilal Oswal Business Cycle Fund
What's the SIP minimum for Bandhan Short Term?,Bandhan Ultra Short Term Fund
What is the expense ratio of DSP FMP 270?,DSP FMP Series 270 - 1144 Days
Is Franklin Short Term better than FD?,Franklin India Liquid Fund
Review of Bandhan Short Term fund?,Bandhan Ultra Short Term Fund
Does DSP FMP 1144 Days allow SWP?,DSP FMP Series 270 - 1144 Days
Any lock-in period for HDFC FMP Feb 2023?,HDFC FMP 2638D February 2023
Tell me the latest NAV of Motilal Business Cycle.,Motilal Oswal Business Cycle Fund
Is Bandhan UST Fund better than FD?,Bandhan Ultra Short Term Fund
What’s the AUM of Axis Floater?,Axis Floater Fund
Who is managing SBI Auto Fund right now?,SBI Automotive Opportunities Fund
Can I invest in Motilal Cycle Fund monthly?,Motilal Oswal Business Cycle Fund
Can I invest in HDFC FMP 2638D monthly?,HDFC FMP 2638D February 2023
Review of ICICI Pru FMP 1199Q fund?,ICICI Prudential Fixed Maturity Plan - Series 88 - 1199 days Plan Q
Can I invest in Axis Floater monthly?,Axis Floater Fund
Returns of HDFC FMP Feb 2023 vs Nifty?,HDFC FMP 2638D February 2023
Any lock-in period for SBI Auto Fund?,SBI Automotive Opportunities Fund
Returns of HDFC Fixed Maturity Plan Feb 2023 vs Nifty?,HDFC FMP 2638D February 2023
What's the return of Motilal Cycle Fund in the past 6 months?,Motilal Oswal Business Cycle Fund
What's the return of HDFC Fixed Maturity Plan Feb 2023 in the past 6 months?,HDFC FMP 2638D February 2023
Does ICICI Pru FMP 1199Q give regular dividends?,ICICI Prudential Fixed Maturity Plan - Series 88 - 1199 days Plan Q
How has Motilal Cycle Fund performed over the last 1 year?,Motilal Oswal Business Cycle Fund
What's the SIP minimum for Bandhan Ultra Short?,Bandhan Ultra Short Term Fund
Is SBI Auto Fund open-ended or closed-ended?,SBI Automotive Opportunities Fund
Any lock-in period for ICICI Pru FMP 1199Q?,ICICI Prudential Fixed Maturity Plan - Series 88 - 1199 days Plan Q
What's the return of Bandhan UST Fund in the past 6 months?,Bandhan Ultra Short Term Fund
Who is managing Axis FRF right now?,Axis Floater Fund
What’s the AUM of DSP FMP 1144 Days?,DSP FMP Series 270 - 1144 Days
Returns of HDFC FMP 2638D vs Nifty?,HDFC FMP 2638D February 2023
Does Axis FRF give regular dividends?,Axis Floater Fund
Is Bandhan UST Fund a good option for long term investment?,Bandhan Ultra Short Term Fund
What's the investment horizon for Motilal Business Cycle?,Motilal Oswal Business Cycle Fund
Any lock-in period for MO Business Cycle?,Motilal Oswal Business Cycle Fund
Any lock-in period for Axis Floater?,Axis Floater Fund
What's the SIP minimum for Bandhan Ultra Short?,Bandhan Ultra Short Term Fund
Who is managing HDFC G-Sec Fund right now?,HDFC Nifty G-Sec Sep 2032 Index Fund
Is DSP FMP 1144 Days a good option for long term investment?,DSP FMP Series 270 - 1144 Days
Does DSP FMP 270 allow SWP?,DSP FMP Series 270 - 1144 Days
What’s the AUM of SBI Automotive Fund?,SBI Automotive Opportunities Fund
Can I invest in DSP Fixed Maturity 270 monthly?,DSP FMP Series 270 - 1144 Days
Who is managing DSP FMP 1144 Days right now?,DSP FMP Series 270 - 1144 Days
Is Bandhan Bond Income a good option for long term investment?,Bandhan Bond Fund - Income Plan
Is Axis Floating Rate Fund open-ended or closed-ended?,Axis Floater Fund
Can I invest in HDFC G-Sec Fund monthly?,HDFC Nifty G-Sec Sep 2032 Index Fund
Is Bandhan Bond Income better than FD?,Bandhan Bond Fund - Income Plan
Does DSP Fixed Maturity 270 give regular dividends?,DSP FMP Series 270 - 1144 Days
I want to start an SIP in HDFC Fixed Maturity Plan Feb 2023. Good idea?,HDFC FMP 2638D February 2023
Tell me the latest NAV of Axis Floating Rate Fund.,Axis Floater Fund
Who is managing Motilal Cycle Fund right now?,Motilal Oswal Business Cycle Fund
Is ICICI 1199 days FMP a good option for long term investment?,ICICI Prudential Fixed Maturity Plan - Series 88 - 1199 days Plan Q
Is ICICI FMP Series 88 a good option for long term investment?,ICICI Prudential Fixed Maturity Plan - Series 88 - 1199 days Plan Q
Is HDFC G-Sec 2032 better than FD?,HDFC Nifty G-Sec Sep 2032 Index Fund
Is Bandhan Ultra Short open-ended or closed-ended?,Bandhan Ultra Short Term Fund
Any lock-in period for ICICI FMP Series 88?,ICICI Prudential Fixed Maturity Plan - Series 88 - 1199 days Plan Q
What's the SIP minimum for Motilal Cycle Fund?,Motilal Oswal Business Cycle Fund
Is DSP FMP 270 open-ended or closed-ended?,DSP FMP Series 270 - 1144 Days
Is Axis FRF open-ended or closed-ended?,Axis Floater Fund
What's the investment horizon for SBI Automotive Fund?,SBI Automotive Opportunities Fund
Review of MO Business Cycle fund?,Motilal Oswal Business Cycle Fund
Does HDFC FMP 2638D give regular dividends?,HDFC FMP 2638D February 2023
What is the risk level of Franklin Liquid Fund?,Franklin India Liquid Fund
Is Motilal Business Cycle a good option for long term investment?,Motilal Oswal Business Cycle Fund
I want to start an SIP in Motilal Cycle Fund. Good idea?,Motilal Oswal Business Cycle Fund
I want to start an SIP in HDFC FMP 2638D. Good idea?,HDFC FMP 2638D February 2023
Is SBI Automotive Fund better than FD?,SBI Automotive Opportunities Fund
Is Bandhan Short Term open-ended or closed-ended?,Bandhan Ultra Short Term Fund
What’s the AUM of Franklin Liquid Fund?,Franklin India Liquid Fund
What is the risk level of Axis FRF?,Axis Floater Fund
Does Bandhan Short Term give regular dividends?,Bandhan Ultra Short Term Fund
What is the expense ratio of Franklin India Liquid?,Franklin India Liquid Fund
Can I invest in Motilal Cycle Fund monthly?,Motilal Oswal Business Cycle Fund
What's the SIP minimum for Bandhan Income Plan?,Bandhan Bond Fund - Income Plan
Recent NAV trend of Franklin Short Term?,Franklin India Liquid Fund
Is Axis Floating Rate Fund actively managed?,Axis Floater Fund
Tell me about the investment objective of Franklin Short Term.,Franklin India Liquid Fund
What's the fund size of Axis FRF?,Axis Floater Fund
Returns of Bandhan Income Plan vs Nifty?,Bandhan Bond Fund - Income Plan
Can I park surplus money in Bandhan Short Term for 6 months?,Bandhan Ultra Short Term Fund
Is Franklin Short Term open-ended or closed-ended?,Franklin India Liquid Fund
Recent NAV trend of SBI Automotive Fund?,SBI Automotive Opportunities Fund
Details about exit load in HDFC G-Sec 2032?,HDFC Nifty G-Sec Sep 2032 Index Fund
Any lock-in period for SBI Auto Opportunities?,SBI Automotive Opportunities Fund
Growth or IDCW — which is better for Bandhan UST Fund?,Bandhan Ultra Short Term Fund
SEBI classification for Bandhan Long Term Debt?,Bandhan Bond Fund - Income Plan
Returns of SBI Auto Fund vs Nifty?,SBI Automotive Opportunities Fund
Can I invest in SBI Auto Fund monthly?,SBI Automotive Opportunities Fund
Can I invest in Axis Floater for my retirement?,Axis Floater Fund
Can I park surplus money in DSP FMP 270 for 6 months?,DSP FMP Series 270 - 1144 Days
How volatile is ICICI 1199 days FMP historically?,ICICI Prudential Fixed Maturity Plan - Series 88 - 1199 days Plan Q
Compare CAGR of MO Business Cycle over 3 years.,Motilal Oswal Business Cycle Fund
What's the latest fund review on HDFC FMP 2638D?,HDFC FMP 2638D February 2023
How volatile is HDFC Fixed Maturity Plan Feb 2023 historically?,HDFC FMP 2638D February 2023
Growth or IDCW — which is better for Axis Floater?,Axis Floater Fund
How volatile is Franklin India Liquid historically?,Franklin India Liquid Fund
Is Bandhan Bond Income actively managed?,Bandhan Bond Fund - Income Plan
What's the latest fund review on Bandhan Ultra Short?,Bandhan Ultra Short Term Fund
What's the investment horizon for SBI Auto Fund?,SBI Automotive Opportunities Fund
SEBI classification for DSP FMP 1144 Days?,DSP FMP Series 270 - 1144 Days
What are expert opinions on Franklin Liquid Fund?,Franklin India Liquid Fund
What's the investment horizon for ICICI 1199 days FMP?,ICICI Prudential Fixed Maturity Plan - Series 88 - 1199 days Plan Q
Should I hold or redeem my investment in Franklin Short Term?,Franklin India Liquid Fund
Is Bandhan Long Term Debt better than FD?,Bandhan Bond Fund - Income Plan
What's the SIP minimum for Franklin India Liquid?,Franklin India Liquid Fund
What's the SIP minimum for DSP FMP 270?,DSP FMP Series 270 - 1144 Days
Can I invest in DSP FMP 270 for my retirement?,DSP FMP Series 270 - 1144 Days
How volatile is HDFC FMP Feb 2023 historically?,HDFC FMP 2638D February 2023
Dividend history of Bandhan Short Term?,Bandhan Ultra Short Term Fund
Tell me about the investment objective of Bandhan UST Fund.,Bandhan Ultra Short Term Fund
What’s the AUM of ICICI Pru FMP 1199Q?,ICICI Prudential Fixed Maturity Plan - Series 88 - 1199 days Plan Q
Can I invest in Bandhan Long Term Debt for my retirement?,Bandhan Bond Fund - Income Plan
Compare CAGR of Bandhan Income Plan over 3 years.,Bandhan Bond Fund - Income Plan
What kind of portfolio does Bandhan Bond Income maintain?,Bandhan Bond Fund - Income Plan
Is Bandhan Bond Income suitable for a conservative investor?,Bandhan Bond Fund - Income Plan
What are expert opinions on HDFC Nifty Gilt 2032?,HDFC Nifty G-Sec Sep 2032 Index Fund
Is Axis FRF a low-risk fund?,Axis Floater Fund
Can I invest in DSP FMP 1144 Days monthly?,DSP FMP Series 270 - 1144 Days
Review of HDFC FMP Feb 2023 fund?,HDFC FMP 2638D February 2023
Is ICICI Pru FMP 1199Q a low-risk fund?,ICICI Prudential Fixed Maturity Plan - Series 88 - 1199 days Plan Q
Is DSP Fixed Maturity 270 a low-risk fund?,DSP FMP Series 270 - 1144 Days
What are expert opinions on Bandhan Short Term?,Bandhan Ultra Short Term Fund
Tell me the latest NAV of DSP FMP 270.,DSP FMP Series 270 - 1144 Days
Performance of SBI Automotive Fund against its benchmark?,SBI Automotive Opportunities Fund
Does SBI Auto Fund allow SWP?,SBI Automotive Opportunities Fund
How volatile is HDFC G-Sec Fund historically?,HDFC Nifty G-Sec Sep 2032 Index Fund
What's the return of SBI Auto Fund in the past 6 months?,SBI Automotive Opportunities Fund
What is the expense ratio of HDFC G-Sec Fund?,HDFC Nifty G-Sec Sep 2032 Index Fund
What's the investment horizon for HDFC G-Sec 2032?,HDFC Nifty G-Sec Sep 2032 Index Fund
Should I hold or redeem my investment in HDFC Nifty Gilt 2032?,HDFC Nifty G-Sec Sep 2032 Index Fund
Recent NAV trend of Bandhan Bond Income?,Bandhan Bond Fund - Income Plan
How volatile is Bandhan Ultra Short historically?,Bandhan Ultra Short Term Fund
What's the investment horizon for Franklin Liquid Fund?,Franklin India Liquid Fund
Any lock-in period for SBI Automotive Fund?,SBI Automotive Opportunities Fund
Recent NAV trend of DSP FMP 270?,DSP FMP Series 270 - 1144 Days
What's the fund size of DSP FMP 270?,DSP FMP Series 270 - 1144 Days
Can I invest in SBI Automotive Fund for my retirement?,SBI Automotive Opportunities Fund
Growth or IDCW — which is better for Bandhan Ultra Short?,Bandhan Ultra Short Term Fund
Any lock-in period for Bandhan Short Term?,Bandhan Ultra Short Term Fund
I want to start an SIP in DSP Fixed Maturity 270. Good idea?,DSP FMP Series 270 - 1144 Days
Is Bandhan UST Fund open-ended or closed-ended?,Bandhan Ultra Short Term Fund
Is Franklin Short Term a low-risk fund?,Franklin India Liquid Fund
Can I invest in HDFC Nifty Gilt 2032 for my retirement?,HDFC Nifty G-Sec Sep 2032 Index Fund
Review of Bandhan Long Term Debt fund?,Bandhan Bond Fund - Income Plan
Is Bandhan UST Fund suitable for a conservative investor?,Bandhan Ultra Short Term Fund
What’s the AUM of Axis Floating Rate Fund?,Axis Floater Fund
Is Axis FRF actively managed?,Axis Floater Fund
Who is managing HDFC G-Sec 2032 right now?,HDFC Nifty G-Sec Sep 2032 Index Fund
Who is managing HDFC FMP Feb 2023 right now?,HDFC FMP 2638D February 2023
I want to start an SIP in HDFC FMP Feb 2023. Good idea?,HDFC FMP 2638D February 2023
What’s the AUM of Franklin Short Term?,Franklin India Liquid Fund
Can I invest in HDFC FMP Feb 2023 monthly?,HDFC FMP 2638D February 2023
Performance of Motilal Business Cycle against its benchmark?,Motilal Oswal Business Cycle Fund
Can I park surplus money in Axis Floating Rate Fund for 6 months?,Axis Floater Fund
Details about exit load in ICICI Pru FMP 1199Q?,ICICI Prudential Fixed Maturity Plan - Series 88 - 1199 days Plan Q
What's the latest fund review on SBI Auto Opportunities?,SBI Automotive Opportunities Fund
Is HDFC G-Sec Fund actively managed?,HDFC Nifty G-Sec Sep 2032 Index Fund
Compare Bandhan Long Term Debt with other sectoral funds.,Bandhan Bond Fund - Income Plan
Is Axis Floater a low-risk fund?,Axis Floater Fund
Can I invest in SBI Auto Fund for my retirement?,SBI Automotive Opportunities Fund
How has Bandhan Income Plan performed over the last 1 year?,Bandhan Bond Fund - Income Plan
Is Axis Floater better than FD?,Axis Floater Fund
I want to start an SIP in Bandhan Short Term. Good idea?,Bandhan Ultra Short Term Fund
Details about exit load in SBI Auto Opportunities?,SBI Automotive Opportunities Fund
How has Bandhan Ultra Short performed over the last 1 year?,Bandhan Ultra Short Term Fund
Review of HDFC G-Sec Fund fund?,HDFC Nifty G-Sec Sep 2032 Index Fund
Is HDFC Nifty Gilt 2032 better than FD?,HDFC Nifty G-Sec Sep 2032 Index Fund
Is Bandhan Short Term suitable for a conservative investor?,Bandhan Ultra Short Term Fund
Is HDFC Fixed Maturity Plan Feb 2023 a low-risk fund?,HDFC FMP 2638D February 2023
Can I invest in HDFC FMP 2638D for my retirement?,HDFC FMP 2638D February 2023
What is the risk level of DSP Fixed Maturity 270?,DSP FMP Series 270 - 1144 Days
Should I hold or redeem my investment in Axis Floater?,Axis Floater Fund
Is MO Business Cycle a low-risk fund?,Motilal Oswal Business Cycle Fund
What's the investment horizon for SBI Auto Opportunities?,SBI Automotive Opportunities Fund
Is SBI Auto Fund a low-risk fund?,SBI Automotive Opportunities Fund
How has Bandhan Bond Income performed over the last 1 year?,Bandhan Bond Fund - Income Plan
Is Bandhan UST Fund actively managed?,Bandhan Ultra Short Term Fund
What’s the AUM of Bandhan Short Term?,Bandhan Ultra Short Term Fund
What's the investment horizon for HDFC Fixed Maturity Plan Feb 2023?,HDFC FMP 2638D February 2023
Compare HDFC FMP 2638D with other sectoral funds.,HDFC FMP 2638D February 2023
Is SBI Automotive Fund a good option for long term investment?,SBI Automotive Opportunities Fund
Is Franklin India Liquid better than FD?,Franklin India Liquid Fund
Is SBI Automotive Fund open-ended or closed-ended?,SBI Automotive Opportunities Fund
How has SBI Auto Fund performed over the last 1 year?,SBI Automotive Opportunities Fund
How volatile is ICICI FMP Series 88 historically?,ICICI Prudential Fixed Maturity Plan - Series 88 - 1199 days Plan Q
Details about exit load in DSP Fixed Maturity 270?,DSP FMP Series 270 - 1144 Days
Is HDFC FMP 2638D better than FD?,HDFC FMP 2638D February 2023
What's the fund size of Motilal Cycle Fund?,Motilal Oswal Business Cycle Fund
Recent NAV trend of ICICI 1199 days FMP?,ICICI Prudential Fixed Maturity Plan - Series 88 - 1199 days Plan Q
Can I park surplus money in Franklin Liquid Fund for 6 months?,Franklin India Liquid Fund
Does Axis Floater allow SWP?,Axis Floater Fund
SEBI classification for Motilal Business Cycle?,Motilal Oswal Business Cycle Fund
Expense ratio trends in Motilal Business Cycle?,Motilal Oswal Business Cycle Fund
Expense ratio trends in Axis FRF?,Axis Floater Fund
How has SBI Auto Opportunities performed over the last 1 year?,SBI Automotive Opportunities Fund
What's the return of Axis Floater in the past 6 months?,Axis Floater Fund
What's the return of DSP Fixed Maturity 270 in the past 6 months?,DSP FMP Series 270 - 1144 Days
I want to start an SIP in Franklin India Liquid. Good idea?,Franklin India Liquid Fund
Any lock-in period for Franklin Liquid Fund?,Franklin India Liquid Fund
Recent NAV trend of MO Business Cycle?,Motilal Oswal Business Cycle Fund
I want to start an SIP in Bandhan Ultra Short. Good idea?,Bandhan Ultra Short Term Fund
Details about exit load in SBI Auto Fund?,SBI Automotive Opportunities Fund
Expense ratio trends in Franklin Short Term?,Franklin India Liquid Fund
What's the SIP minimum for ICICI Pru FMP 1199Q?,ICICI Prudential Fixed Maturity Plan - Series 88 - 1199 days Plan Q
What is the expense ratio of ICICI Pru FMP 1199Q?,ICICI Prudential Fixed Maturity Plan - Series 88 - 1199 days Plan Q
Is DSP FMP 1144 Days open-ended or closed-ended?,DSP FMP Series 270 - 1144 Days
How volatile is SBI Auto Fund historically?,SBI Automotive Opportunities Fund
Is ICICI Pru FMP 1199Q actively managed?,ICICI Prudential Fixed Maturity Plan - Series 88 - 1199 days Plan Q
Tell me the latest NAV of Franklin India Liquid.,Franklin India Liquid Fund
Is Franklin Liquid Fund actively managed?,Franklin India Liquid Fund
What's the investment horizon for DSP FMP 1144 Days?,DSP FMP Series 270 - 1144 Days
What's the fund size of ICICI 1199 days FMP?,ICICI Prudential Fixed Maturity Plan - Series 88 - 1199 days Plan Q
Growth or IDCW — which is better for Bandhan Short Term?,Bandhan Ultra Short Term Fund
Is Franklin Short Term actively managed?,Franklin India Liquid Fund
What is the risk level of Bandhan Short Term?,Bandhan Ultra Short Term Fund
SEBI classification for ICICI Pru FMP 1199Q?,ICICI Prudential Fixed Maturity Plan - Series 88 - 1199 days Plan Q
What's the SIP minimum for HDFC FMP 2638D?,HDFC FMP 2638D February 2023
Review of Franklin Liquid Fund fund?,Franklin India Liquid Fund
Who is managing HDFC Nifty Gilt 2032 right now?,HDFC Nifty G-Sec Sep 2032 Index Fund
Can I park surplus money in Axis Floater for 6 months?,Axis Floater Fund
Tell me about the investment objective of HDFC Fixed Maturity Plan Feb 2023.,HDFC FMP 2638D February 2023
Can I park surplus money in Bandhan Income Plan for 6 months?,Bandhan Bond Fund - Income Plan
Tell me the latest NAV of ICICI FMP Series 88.,ICICI Prudential Fixed Maturity Plan - Series 88 - 1199 days Plan Q
What's the latest fund review on SBI Automotive Fund?,SBI Automotive Opportunities Fund
What's the SIP minimum for SBI Auto Fund?,SBI Automotive Opportunities Fund
What's the SIP minimum for DSP Fixed Maturity 270?,DSP FMP Series 270 - 1144 Days
Expense ratio trends in ICICI FMP Series 88?,ICICI Prudential Fixed Maturity Plan - Series 88 - 1199 days Plan Q
Is DSP FMP 270 a good option for long term investment?,DSP FMP Series 270 - 1144 Days
What kind of portfolio does Bandhan Short Term maintain?,Bandhan Ultra Short Term Fund
Can I park surplus money in Bandhan Bond Income for 6 months?,Bandhan Bond Fund - Income Plan
What's the fund size of ICICI FMP Series 88?,ICICI Prudential Fixed Maturity Plan - Series 88 - 1199 days Plan Q
Does Franklin Short Term give regular dividends?,Franklin India Liquid Fund
Dividend history of Bandhan Long Term Debt?,Bandhan Bond Fund - Income Plan
Compare CAGR of HDFC G-Sec 2032 over 3 years.,HDFC Nifty G-Sec Sep 2032 Index Fund
What's the investment horizon for ICICI FMP Series 88?,ICICI Prudential Fixed Maturity Plan - Series 88 - 1199 days Plan Q
What's the fund size of DSP Fixed Maturity 270?,DSP FMP Series 270 - 1144 Days
Is HDFC Fixed Maturity Plan Feb 2023 better than FD?,HDFC FMP 2638D February 2023
Should I hold or redeem my investment in Bandhan Ultra Short?,Bandhan Ultra Short Term Fund
How volatile is Franklin Short Term historically?,Franklin India Liquid Fund
Recent NAV trend of DSP Fixed Maturity 270?,DSP FMP Series 270 - 1144 Days
Tell me about the investment objective of Axis Floating Rate Fund.,Axis Floater Fund
Dividend history of ICICI Pru FMP 1199Q?,ICICI Prudential Fixed Maturity Plan - Series 88 - 1199 days Plan Q
Growth or IDCW — which is better for DSP Fixed Maturity 270?,DSP FMP Series 270 - 1144 Days
Returns of SBI Automotive Fund vs Nifty?,SBI Automotive Opportunities Fund
Performance of ICICI 1199 days FMP against its benchmark?,ICICI Prudential Fixed Maturity Plan - Series 88 - 1199 days Plan Q
What is the expense ratio of HDFC G-Sec 2032?,HDFC Nifty G-Sec Sep 2032 Index Fund
Performance of Franklin Short Term against its benchmark?,Franklin India Liquid Fund
What are expert opinions on SBI Auto Opportunities?,SBI Automotive Opportunities Fund
Compare CAGR of ICICI 1199 days FMP over 3 years.,ICICI Prudential Fixed Maturity Plan - Series 88 - 1199 days Plan Q
Any lock-in period for Axis Floating Rate Fund?,Axis Floater Fund
Does MO Business Cycle give regular dividends?,Motilal Oswal Business Cycle Fund
What's the return of Axis Floating Rate Fund in the past 6 months?,Axis Floater Fund
Performance of DSP FMP 270 against its benchmark?,DSP FMP Series 270 - 1144 Days
Expense ratio trends in HDFC G-Sec Fund?,HDFC Nifty G-Sec Sep 2032 Index Fund
What's the return of ICICI 1199 days FMP in the past 6 months?,ICICI Prudential Fixed Maturity Plan - Series 88 - 1199 days Plan Q
What are expert opinions on SBI Automotive Fund?,SBI Automotive Opportunities Fund
Details about exit load in Axis FRF?,Axis Floater Fund
What's the investment horizon for Bandhan Long Term Debt?,Bandhan Bond Fund - Income Plan
SEBI classification for HDFC FMP 2638D?,HDFC FMP 2638D February 2023
What's the latest fund review on HDFC G-Sec Fund?,HDFC Nifty G-Sec Sep 2032 Index Fund
Any lock-in period for DSP FMP 1144 Days?,DSP FMP Series 270 - 1144 Days
Details about exit load in HDFC G-Sec Fund?,HDFC Nifty G-Sec Sep 2032 Index Fund
What's the return of Bandhan Short Term in the past 6 months?,Bandhan Ultra Short Term Fund
What is the risk level of ICICI 1199 days FMP?,ICICI Prudential Fixed Maturity Plan - Series 88 - 1199 days Plan Q
Is Franklin Liquid Fund better than FD?,Franklin India Liquid Fund
Should I hold or redeem my investment in DSP FMP 1144 Days?,DSP FMP Series 270 - 1144 Days
Performance of DSP Fixed Maturity 270 against its benchmark?,DSP FMP Series 270 - 1144 Days
Tell me about the investment objective of DSP FMP 270.,DSP FMP Series 270 - 1144 Days
Should I hold or redeem my investment in Bandhan Bond Income?,Bandhan Bond Fund - Income Plan
Returns of Bandhan UST Fund vs Nifty?,Bandhan Ultra Short Term Fund
Is Bandhan Bond Income a low-risk fund?,Bandhan Bond Fund - Income Plan
Is Bandhan Income Plan better than FD?,Bandhan Bond Fund - Income Plan
Compare CAGR of SBI Automotive Fund over 3 years.,SBI Automotive Opportunities Fund
Growth or IDCW — which is better for SBI Auto Fund?,SBI Automotive Opportunities Fund
Expense ratio trends in Franklin Liquid Fund?,Franklin India Liquid Fund
Can I park surplus money in MO Business Cycle for 6 months?,Motilal Oswal Business Cycle Fund
Dividend history of ICICI FMP Series 88?,ICICI Prudential Fixed Maturity Plan - Series 88 - 1199 days Plan Q
What's the investment horizon for HDFC FMP 2638D?,HDFC FMP 2638D February 2023
What's the investment horizon for Axis Floating Rate Fund?,Axis Floater Fund
I want to start an SIP in DSP FMP 1144 Days. Good idea?,DSP FMP Series 270 - 1144 Days
Compare HDFC Fixed Maturity Plan Feb 2023 with other sectoral funds.,HDFC FMP 2638D February 2023
Should I hold or redeem my investment in Bandhan Income Plan?,Bandhan Bond Fund - Income Plan
SEBI classification for ICICI FMP Series 88?,ICICI Prudential Fixed Maturity Plan - Series 88 - 1199 days Plan Q
Expense ratio trends in Axis Floating Rate Fund?,Axis Floater Fund
Compare Franklin Short Term with other sectoral funds.,Franklin India Liquid Fund
What's the latest fund review on MO Business Cycle?,Motilal Oswal Business Cycle Fund
Tell me the latest NAV of ICICI Pru FMP 1199Q.,ICICI Prudential Fixed Maturity Plan - Series 88 - 1199 days Plan Q
Any lock-in period for Axis FRF?,Axis Floater Fund
Tell me about the investment objective of HDFC FMP 2638D.,HDFC FMP 2638D February 2023
Can I invest in Axis Floating Rate Fund monthly?,Axis Floater Fund
SEBI classification for Franklin India Liquid?,Franklin India Liquid Fund
Is DSP FMP 270 a low-risk fund?,DSP FMP Series 270 - 1144 Days
Is Bandhan Ultra Short a good option for long term investment?,Bandhan Ultra Short Term Fund
I want to start an SIP in ICICI Pru FMP 1199Q. Good idea?,ICICI Prudential Fixed Maturity Plan - Series 88 - 1199 days Plan Q
Dividend history of Motilal Cycle Fund?,Motilal Oswal Business Cycle Fund
What is the expense ratio of Axis Floating Rate Fund?,Axis Floater Fund
What's the fund size of HDFC FMP 2638D?,HDFC FMP 2638D February 2023
Can I park surplus money in Bandhan Long Term Debt for 6 months?,Bandhan Bond Fund - Income Plan
Who is managing Bandhan Income Plan right now?,Bandhan Bond Fund - Income Plan
What's the latest fund review on Bandhan Bond Income?,Bandhan Bond Fund - Income Plan
What kind of portfolio does SBI Auto Fund maintain?,SBI Automotive Opportunities Fund
What is the expense ratio of Axis FRF?,Axis Floater Fund
Growth or IDCW — which is better for HDFC Fixed Maturity Plan Feb 2023?,HDFC FMP 2638D February 2023
Is HDFC Fixed Maturity Plan Feb 2023 suitable for a conservative investor?,HDFC FMP 2638D February 2023
What are expert opinions on Axis FRF?,Axis Floater Fund
Details about exit load in Bandhan Short Term?,Bandhan Ultra Short Term Fund
Is MO Business Cycle open-ended or closed-ended?,Motilal Oswal Business Cycle Fund
What's the SIP minimum for HDFC Nifty Gilt 2032?,HDFC Nifty G-Sec Sep 2032 Index Fund
Should I hold or redeem my investment in Motilal Business Cycle?,Motilal Oswal Business Cycle Fund
What's the latest fund review on HDFC FMP Feb 2023?,HDFC FMP 2638D February 2023
Who is managing DSP FMP 270 right now?,DSP FMP Series 270 - 1144 Days
Is ICICI FMP Series 88 actively managed?,ICICI Prudential Fixed Maturity Plan - Series 88 - 1199 days Plan Q
Details about exit load in Motilal Business Cycle?,Motilal Oswal Business Cycle Fund
Does Bandhan Ultra Short allow SWP?,Bandhan Ultra Short Term Fund
Tell me about the investment objective of HDFC G-Sec Fund.,HDFC Nifty G-Sec Sep 2032 Index Fund
What is the risk level of ICICI Pru FMP 1199Q?,ICICI Prudential Fixed Maturity Plan - Series 88 - 1199 days Plan Q
Review of Bandhan Bond Income fund?,Bandhan Bond Fund - Income Plan
Details about exit load in Franklin India Liquid?,Franklin India Liquid Fund
What are expert opinions on Bandhan Bond Income?,Bandhan Bond Fund - Income Plan
Expense ratio trends in SBI Auto Opportunities?,SBI Automotive Opportunities Fund
Compare CAGR of HDFC G-Sec Fund over 3 years.,HDFC Nifty G-Sec Sep 2032 Index Fund
Compare CAGR of HDFC Fixed Maturity Plan Feb 2023 over 3 years.,HDFC FMP 2638D February 2023
What are expert opinions on Bandhan Long Term Debt?,Bandhan Bond Fund - Income Plan
What's the latest fund review on Franklin India Liquid?,Franklin India Liquid Fund
SEBI classification for HDFC Nifty Gilt 2032?,HDFC Nifty G-Sec Sep 2032 Index Fund
Should I hold or redeem my investment in Axis Floating Rate Fund?,Axis Floater Fund
Can I invest in MO Business Cycle monthly?,Motilal Oswal Business Cycle Fund
Dividend history of HDFC FMP 2638D?,HDFC FMP 2638D February 2023
What's the investment horizon for Axis FRF?,Axis Floater Fund
Dividend history of Motilal Business Cycle?,Motilal Oswal Business Cycle Fund
What's the latest fund review on ICICI FMP Series 88?,ICICI Prudential Fixed Maturity Plan - Series 88 - 1199 days Plan Q
Growth or IDCW — which is better for Bandhan Income Plan?,Bandhan Bond Fund - Income Plan
Returns of ICICI Pru FMP 1199Q vs Nifty?,ICICI Prudential Fixed Maturity Plan - Series 88 - 1199 days Plan Q
Review of Motilal Cycle Fund fund?,Motilal Oswal Business Cycle Fund
Is Franklin Liquid Fund suitable for a conservative investor?,Franklin India Liquid Fund
What's the return of Motilal Business Cycle in the past 6 months?,Motilal Oswal Business Cycle Fund
Returns of Bandhan Ultra Short vs Nifty?,Bandhan Ultra Short Term Fund
What's the latest fund review on Axis Floater?,Axis Floater Fund
Details about exit load in ICICI 1199 days FMP?,ICICI Prudential Fixed Maturity Plan - Series 88 - 1199 days Plan Q
Who is managing SBI Auto Opportunities right now?,SBI Automotive Opportunities Fund
Can I invest in Bandhan Income Plan for my retirement?,Bandhan Bond Fund - Income Plan
Details about exit load in Motilal Cycle Fund?,Motilal Oswal Business Cycle Fund
Is Bandhan Short Term a low-risk fund?,Bandhan Ultra Short Term Fund
Tell me the latest NAV of MO Business Cycle.,Motilal Oswal Business Cycle Fund
Does SBI Auto Opportunities allow SWP?,SBI Automotive Opportunities Fund
Recent NAV trend of ICICI FMP Series 88?,ICICI Prudential Fixed Maturity Plan - Series 88 - 1199 days Plan Q
How volatile is SBI Auto Opportunities historically?,SBI Automotive Opportunities Fund
Can I invest in Axis Floating Rate Fund for my retirement?,Axis Floater Fund
Tell me about the investment objective of Bandhan Short Term.,Bandhan Ultra Short Term Fund
What's the latest fund review on HDFC Fixed Maturity Plan Feb 2023?,HDFC FMP 2638D February 2023
Can I invest in Franklin Liquid Fund for my retirement?,Franklin India Liquid Fund
Details about exit load in DSP FMP 270?,DSP FMP Series 270 - 1144 Days
Is Franklin India Liquid a low-risk fund?,Franklin India Liquid Fund
Is HDFC G-Sec 2032 open-ended or closed-ended?,HDFC Nifty G-Sec Sep 2032 Index Fund
I want to start an SIP in Bandhan UST Fund. Good idea?,Bandhan Ultra Short Term Fund
Should I hold or redeem my investment in HDFC FMP Feb 2023?,HDFC FMP 2638D February 2023
Any lock-in period for Bandhan Income Plan?,Bandhan Bond Fund - Income Plan
I want to start an SIP in Axis Floating Rate Fund. Good idea?,Axis Floater Fund
What's the latest fund review on Bandhan Income Plan?,Bandhan Bond Fund - Income Plan
Can I invest in Franklin Short Term for my retirement?,Franklin India Liquid Fund
What's the fund size of DSP FMP 1144 Days?,DSP FMP Series 270 - 1144 Days
Review of Bandhan UST Fund fund?,Bandhan Ultra Short Term Fund
Details about exit load in Bandhan Income Plan?,Bandhan Bond Fund - Income Plan
What's the latest fund review on HDFC Nifty Gilt 2032?,HDFC Nifty G-Sec Sep 2032 Index Fund
What's the latest fund review on ICICI 1199 days FMP?,ICICI Prudential Fixed Maturity Plan - Series 88 - 1199 days Plan Q
Compare CAGR of Axis Floater over 3 years.,Axis Floater Fund
Details about exit load in Axis Floater?,Axis Floater Fund
Should I hold or redeem my investment in Bandhan Long Term Debt?,Bandhan Bond Fund - Income Plan
Can I invest in ICICI FMP Series 88 monthly?,ICICI Prudential Fixed Maturity Plan - Series 88 - 1199 days Plan Q
What are expert opinions on Motilal Business Cycle?,Motilal Oswal Business Cycle Fund
Should I hold or redeem my investment in SBI Automotive Fund?,SBI Automotive Opportunities Fund
Growth or IDCW — which is better for Bandhan Long Term Debt?,Bandhan Bond Fund - Income Plan
How volatile is Bandhan Income Plan historically?,Bandhan Bond Fund - Income Plan
SEBI classification for Axis FRF?,Axis Floater Fund